{"cameraMode":{"drawMode":0,"name":"Shaded","section":"Shading Mode"},"sceneLighting":false,"audioPlay":false,"sceneViewState":{"showFog":true,"showMaterialUpdate":false,"showSkybox":false,"showFlares":true,"showImageEffects":true,"showParticleSystems":true,"showVisualEffectGraphs":true,"m_FxEnabled":true},"in2DMode":false,"pivot":{"x":-1.4145889282226563,"y":1.5169999599456788,"z":1.5110000371932984},"rotation":{"x":0.001596026704646647,"y":-0.9986737370491028,"z":-0.029957568272948266,"w":-0.04315922036767006},"size":0.000017344029402011074,"orthographic":false}