{"cameraMode":{"drawMode":0,"name":"Shaded","section":"Shading Mode"},"sceneLighting":true,"audioPlay":false,"sceneViewState":{"showFog":true,"showMaterialUpdate":false,"showSkybox":true,"showFlares":true,"showImageEffects":true,"showParticleSystems":true,"showVisualEffectGraphs":true,"m_FxEnabled":true},"in2DMode":false,"pivot":{"x":232.3030548095703,"y":82.44358825683594,"z":382.72283935546877},"rotation":{"x":0.20996829867362977,"y":0.2507551312446594,"z":-0.055795442312955859,"w":0.9433640241622925},"size":22.225984573364259,"orthographic":false}