{"cameraMode":{"drawMode":0,"name":"Shaded","section":"Shading Mode"},"sceneLighting":true,"audioPlay":false,"sceneViewState":{"showFog":true,"showMaterialUpdate":false,"showSkybox":true,"showFlares":true,"showImageEffects":true,"showParticleSystems":true,"showVisualEffectGraphs":true,"m_FxEnabled":true},"in2DMode":false,"pivot":{"x":279.4932861328125,"y":30.224586486816408,"z":662.6781005859375},"rotation":{"x":-0.035457637161016467,"y":0.16981273889541627,"z":0.0061835795640945438,"w":0.9848512411117554},"size":14.192208290100098,"orthographic":false}