{"cameraMode":{"drawMode":0,"name":"Shaded","section":"Shading Mode"},"sceneLighting":true,"audioPlay":false,"sceneViewState":{"showFog":true,"showMaterialUpdate":false,"showSkybox":true,"showFlares":true,"showImageEffects":true,"showParticleSystems":true,"showVisualEffectGraphs":true,"m_FxEnabled":true},"in2DMode":false,"pivot":{"x":223.31883239746095,"y":1.617426872253418,"z":662.925048828125},"rotation":{"x":0.020976345986127855,"y":-0.04529047757387161,"z":0.0009496596758253872,"w":0.9987578392028809},"size":34.84659957885742,"orthographic":false}