{"cameraMode":{"drawMode":0,"name":"Shaded","section":"Shading Mode"},"sceneLighting":true,"audioPlay":false,"sceneViewState":{"showFog":true,"showMaterialUpdate":false,"showSkybox":true,"showFlares":true,"showImageEffects":true,"showParticleSystems":true,"showVisualEffectGraphs":true,"m_FxEnabled":true},"in2DMode":false,"pivot":{"x":290.3355712890625,"y":35.48598861694336,"z":231.78602600097657},"rotation":{"x":0.001596026704646647,"y":-0.9986737370491028,"z":-0.029957568272948266,"w":-0.04315922036767006},"size":204.0875244140625,"orthographic":false}