{"cameraMode":{"drawMode":0,"name":"Shaded","section":"Shading Mode"},"sceneLighting":true,"audioPlay":false,"sceneViewState":{"showFog":true,"showMaterialUpdate":false,"showSkybox":true,"showFlares":true,"showImageEffects":true,"showParticleSystems":true,"showVisualEffectGraphs":true,"m_FxEnabled":true},"in2DMode":false,"pivot":{"x":217.00791931152345,"y":25.120084762573243,"z":-43.59896469116211},"rotation":{"x":-0.058968979865312579,"y":-0.34960415959358218,"z":0.022055307403206826,"w":-0.9347831606864929},"size":4.384012699127197,"orthographic":false}