{"cameraMode":{"drawMode":0,"name":"Shaded","section":"Shading Mode"},"sceneLighting":true,"audioPlay":false,"sceneViewState":{"showFog":true,"showMaterialUpdate":false,"showSkybox":true,"showFlares":true,"showImageEffects":true,"showParticleSystems":true,"showVisualEffectGraphs":true,"m_FxEnabled":true},"in2DMode":false,"pivot":{"x":116.55459594726563,"y":124.73448181152344,"z":809.8745727539063},"rotation":{"x":0.17420072853565217,"y":0.3496933877468109,"z":0.06634042412042618,"w":-0.9181414842605591},"size":138.25396728515626,"orthographic":false}