{"cameraMode":{"drawMode":0,"name":"Shaded","section":"Shading Mode"},"sceneLighting":true,"audioPlay":false,"sceneViewState":{"showFog":true,"showMaterialUpdate":false,"showSkybox":true,"showFlares":true,"showImageEffects":true,"showParticleSystems":true,"showVisualEffectGraphs":true,"m_FxEnabled":true},"in2DMode":false,"pivot":{"x":213.84945678710938,"y":2.9505350589752199,"z":412.13702392578127},"rotation":{"x":-0.058968979865312579,"y":-0.34960415959358218,"z":0.022055307403206826,"w":-0.9347831606864929},"size":10.290470123291016,"orthographic":false}