{"cameraMode":{"drawMode":0,"name":"Shaded","section":"Shading Mode"},"sceneLighting":true,"audioPlay":false,"sceneViewState":{"showFog":true,"showMaterialUpdate":false,"showSkybox":true,"showFlares":true,"showImageEffects":true,"showParticleSystems":true,"showVisualEffectGraphs":true,"m_FxEnabled":true},"in2DMode":false,"pivot":{"x":256.8744201660156,"y":20.95597267150879,"z":233.0657501220703},"rotation":{"x":0.06296151876449585,"y":-0.0009195716702379286,"z":-0.00005025755672249943,"w":-0.9980574250221252},"size":1.2280418872833253,"orthographic":false}