{"cameraMode":{"drawMode":0,"name":"Shaded","section":"Shading Mode"},"sceneLighting":true,"audioPlay":false,"sceneViewState":{"showFog":true,"showMaterialUpdate":false,"showSkybox":true,"showFlares":true,"showImageEffects":true,"showParticleSystems":true,"showVisualEffectGraphs":true,"m_FxEnabled":true},"in2DMode":false,"pivot":{"x":294.24029541015627,"y":3.0382633209228517,"z":217.55506896972657},"rotation":{"x":0.04493069276213646,"y":0.04972924292087555,"z":-0.0022177621722221376,"w":0.9977574944496155},"size":25.81705665588379,"orthographic":false}