{"cameraMode":{"drawMode":0,"name":"Shaded","section":"Shading Mode"},"sceneLighting":true,"audioPlay":false,"sceneViewState":{"showFog":true,"showMaterialUpdate":false,"showSkybox":true,"showFlares":true,"showImageEffects":true,"showParticleSystems":true,"showVisualEffectGraphs":true,"m_FxEnabled":true},"in2DMode":false,"pivot":{"x":248.778564453125,"y":86.91771697998047,"z":338.70074462890627},"rotation":{"x":-0.0014950870536267758,"y":-0.07344431430101395,"z":0.00012055197294102982,"w":-0.997308611869812},"size":14.192208290100098,"orthographic":false}