{"cameraMode":{"drawMode":0,"name":"Shaded","section":"Shading Mode"},"sceneLighting":true,"audioPlay":false,"sceneViewState":{"showFog":true,"showMaterialUpdate":false,"showSkybox":true,"showFlares":true,"showImageEffects":true,"showParticleSystems":true,"showVisualEffectGraphs":true,"m_FxEnabled":true},"in2DMode":false,"pivot":{"x":233.56675720214845,"y":9.883441925048829,"z":634.0403442382813},"rotation":{"x":0.03749273717403412,"y":-0.007233069743961096,"z":-0.0003233246097806841,"w":-0.9993302822113037},"size":1.2280418872833253,"orthographic":false}