{"cameraMode":{"drawMode":0,"name":"Shaded","section":"Shading Mode"},"sceneLighting":true,"audioPlay":false,"sceneViewState":{"showFog":true,"showMaterialUpdate":false,"showSkybox":true,"showFlares":true,"showImageEffects":true,"showParticleSystems":true,"showVisualEffectGraphs":true,"m_FxEnabled":true},"in2DMode":false,"pivot":{"x":268.72760009765627,"y":411.7394104003906,"z":106.98957824707031},"rotation":{"x":0.03831452131271362,"y":0.9609259963035584,"z":0.21236059069633485,"w":-0.17337077856063844},"size":46.07791519165039,"orthographic":false}