{"cameraMode":{"drawMode":0,"name":"Shaded","section":"Shading Mode"},"sceneLighting":true,"audioPlay":false,"sceneViewState":{"showFog":true,"showMaterialUpdate":false,"showSkybox":true,"showFlares":true,"showImageEffects":true,"showParticleSystems":true,"showVisualEffectGraphs":true,"m_FxEnabled":true},"in2DMode":false,"pivot":{"x":261.0706481933594,"y":18.874685287475587,"z":629.1381225585938},"rotation":{"x":0.0013799234293401242,"y":-0.9986327886581421,"z":-0.036566395312547687,"w":-0.03776656091213226},"size":4.522292137145996,"orthographic":false}