{"cameraMode":{"drawMode":0,"name":"Shaded","section":"Shading Mode"},"sceneLighting":false,"audioPlay":false,"sceneViewState":{"showFog":true,"showMaterialUpdate":false,"showSkybox":false,"showFlares":true,"showImageEffects":true,"showParticleSystems":true,"showVisualEffectGraphs":true,"m_FxEnabled":true},"in2DMode":false,"pivot":{"x":3.0581679344177248,"y":-7.468000411987305,"z":249.33999633789063},"rotation":{"x":0.001596026704646647,"y":-0.9986737370491028,"z":-0.029957568272948266,"w":-0.04315922036767006},"size":1.917100429534912,"orthographic":false}